name,industry
James,bio
Josephine,any
Art,environment
Lenna,bio
Donette,any
Simona,any
Mitsue,bio
Leota,bio
Sage,bio
Kris,environment
Minna,environment
Abel,internet
Kiley,bio
Graciela,bio
Cammy,environment
Mattie,any
Meaghan,internet
Gladys,environment
Yuki,internet
Fletcher,any
Bette,bio
Veronika,any
Willard,any
Maryann,any
Alisha,bio
Allene,environment
Chanel,internet
Ezekiel,environment
Willow,any
Bernardo,environment
Ammie,environment
Francine,internet
Ernie,environment
Albina,bio
Alishia,bio
Solange,bio
Jose,any
Rozella,internet
Valentine,internet
Kati,any
Youlanda,any
Dyan,environment
Roxane,environment
Lavera,bio
Erick,bio
Fatima,internet
Jina,any
Kanisha,environment
Emerson,internet
Blair,environment
Brock,bio
Lorrie,internet
Sabra,any
Marjory,environment
Karl,internet
Tonette,bio
Amber,any
Shenika,any
Delmy,bio
Deeanna,internet
Blondell,any
Jamal,internet
Cecily,any
Carmelina,internet
Maurine,internet
Tawna,bio
Penney,internet
Elly,bio
Ilene,environment
Vallie,bio
Kallie,bio
Johnetta,internet
Bobbye,internet
Micaela,bio
Tamar,environment
Moon,environment
Laurel,bio
Delisa,internet
Viva,environment
Elza,internet
Devorah,internet
Timothy,any
Arlette,internet
Dominque,environment
Lettie,environment
Myra,any
Stephaine,environment
Lai,environment
Stephen,internet
Tyra,any
Tammara,environment
Cory,internet
Danica,bio
Wilda,any
Elvera,environment
Carma,environment
Malinda,internet
Natalie,any
Lisha,any
Arlene,bio