ynd_54b95bb56de77,environment
ynd_54b95bb56de80,internet
ynd_54b95bb56de89,bio
ynd_54b95bb56de92,internet
ynd_54b95bb56de9b,bio
ynd_54b95bb56dea4,bio
ynd_54b95bb56dead,bio
ynd_54b95bb56deb6,internet
ynd_54b95bb56debf,bio
ynd_54b95bb56deca,internet
ynd_54b95bb56deed,bio
ynd_54b95bb56df10,bio
ynd_54b95bb56df19,bio
ynd_54b95bb56df22,internet
ynd_54b95bb56df2b,bio
ynd_54b95bb56df34,internet
ynd_54b95bb56df3d,bio
ynd_54b95bb56df46,bio
ynd_54b95bb56df4f,bio
ynd_54b95bb56df58,internet
ynd_54b95bb56df61,environment
ynd_54b95bb56df6a,internet
ynd_54b95bb56df73,environment
ynd_54b95bb56df7c,bio
ynd_54b95bb56df85,bio
ynd_54b95bb56df8e,bio
ynd_54b95bb56df97,internet
ynd_54b95bb56dfa0,bio
ynd_54b95bb56dfa9,bio
ynd_54b95bb56dfb1,internet
ynd_54b95bb56dfba,bio
ynd_54b95bb56dfc3,bio
ynd_54b95bb56dfcc,bio
ynd_54b95bb56dfd5,internet
ynd_54b95bb56dfde,environment
ynd_54b95bb56dfe7,internet
ynd_54b95bb56dff0,environment
ynd_54b95bb56dff9,environment
ynd_54b95bb56e002,bio
ynd_54b95bb56e00b,environment
ynd_54b95bb56e014,environment
ynd_54b95bb56e01d,environment
ynd_54b95bb56e025,bio
ynd_54b95bb56e02e,internet
ynd_54b95bb56e037,internet
ynd_54b95bb56e040,bio
ynd_54b95bb56dc10,bio
ynd_54b95bb56dc25,bio
ynd_54b95bb56dc2f,bio
ynd_54b95bb56dc39,bio
ynd_54b95bb56dc43,internet
ynd_54b95bb56dc4e,environment
ynd_54b95bb56dc57,internet
ynd_54b95bb56dc62,internet
ynd_54b95bb56dc6c,bio
ynd_54b95bb56dc78,internet
ynd_54b95bb56dc86,internet
ynd_54b95bb56dc95,environment
ynd_54b95bb56dca7,internet
ynd_54b95bb56dcb8,internet
ynd_54b95bb56dccc,bio
ynd_54b95bb56dcef,internet
ynd_54b95bb56dcfb,bio
ynd_54b95bb56dd05,environment
ynd_54b95bb56dd0e,bio
ynd_54b95bb56dd17,environment
ynd_54b95bb56dd20,internet
ynd_54b95bb56dd29,bio
ynd_54b95bb56dd32,internet
ynd_54b95bb56dd3b,environment
ynd_54b95bb56dd44,bio
ynd_54b95bb56dd4d,bio
ynd_54b95bb56dd56,internet
ynd_54b95bb56dd5f,environment
ynd_54b95bb56dd67,environment
ynd_54b95bb56dd70,internet
ynd_54b95bb56dd79,internet
ynd_54b95bb56dd82,environment
ynd_54b95bb56dd8b,internet
ynd_54b95bb56dd94,bio
ynd_54b95bb56dd9d,environment
ynd_54b95bb56dda6,bio
ynd_54b95bb56ddaf,internet
ynd_54b95bb56ddb8,internet
ynd_54b95bb56ddc1,environment
ynd_54b95bb56ddca,bio
ynd_54b95bb56ddd3,environment
ynd_54b95bb56dde7,environment
ynd_54b95bb56ddf1,environment
ynd_54b95bb56ddfa,internet
ynd_54b95bb56de03,bio
ynd_54b95bb56de0b,internet
ynd_54b95bb56de15,bio
ynd_54b95bb56de1e,internet
ynd_54b95bb56de27,internet
ynd_54b95bb56de30,bio
ynd_54b95bb56de38,bio
ynd_54b95bb56de41,bio
ynd_54b95bb56de4a,environment
ynd_54b95bb56de53,internet
ynd_54b95bb56de5c,internet
ynd_54b95bb56de65,environment
ynd_54b95bb56de6e,internet
ynd_54b95bb56b123,internet
ynd_54b95bb56b160,bio
ynd_54b95bb56b184,internet
ynd_54b95bb56b190,environment
ynd_54b95bb56b19a,bio
ynd_54b95bb56b1a3,environment
ynd_54b95bb56b1ae,bio
ynd_54b95bb56b1b8,bio
ynd_54b95bb56b1c3,bio
ynd_54b95bb56b1cd,environment
ynd_54b95bb56b1d7,bio
ynd_54b95bb56b1e2,bio
ynd_54b95bb56b1ec,environment
ynd_54b95bb56b1f7,environment
ynd_54b95bb56b202,internet
ynd_54b95bb56b20c,environment
ynd_54b95bb56b217,environment
ynd_54b95bb56b221,environment
ynd_54b95bb56b22c,internet
ynd_54b95bb56b236,environment
ynd_54b95bb56b240,bio
ynd_54b95bb56b24b,bio
ynd_54b95bb56b255,internet
ynd_54b95bb56b25f,internet
ynd_54b95bb56b26a,internet
ynd_54b95bb56b274,bio
ynd_54b95bb56b27f,environment
ynd_54b95bb56b289,internet
ynd_54b95bb56b294,bio
ynd_54b95bb56b29e,bio
ynd_54b95bb56b2a9,internet
ynd_54b95bb56b2b3,internet
ynd_54b95bb56b2be,internet
ynd_54b95bb56b2c8,bio
ynd_54b95bb56b2d3,bio
ynd_54b95bb56b2dd,bio
ynd_54b95bb56b2e8,bio
ynd_54b95bb56b2f2,internet
ynd_54b95bb56b2fd,environment
ynd_54b95bb56b307,bio
ynd_54b95bb56b312,environment
ynd_54b95bb56b31c,internet
ynd_54b95bb56b327,bio
ynd_54b95bb56b331,environment
ynd_54b95bb56b33c,bio
ynd_54b95bb56b346,environment
ynd_54b95bb56b351,bio
ynd_54b95bb56b35c,internet
ynd_54b95bb56b37e,bio
ynd_54b95bb56b391,environment
ynd_54b95bb56b3a6,bio
ynd_54b95bb56b3ae,internet
ynd_54b95bb56b3b8,environment
ynd_54b95bb56b3c4,environment
ynd_54b95bb56b3ce,environment
ynd_54b95bb56b3d8,internet
ynd_54b95bb56b3e0,environment
ynd_54b95bb56b3ea,bio
ynd_54b95bb56b3f3,bio
ynd_54b95bb56b401,internet
ynd_54b95bb56b416,internet
ynd_54b95bb56b426,internet
ynd_54b95bb56b435,bio
ynd_54b95bb56b444,internet
ynd_54b95bb56b453,bio
ynd_54b95bb56b461,internet
ynd_54b95bb56b487,environment
ynd_54b95bb56b493,internet
ynd_54b95bb56b49d,bio
ynd_54b95bb56b4a8,environment
ynd_54b95bb56b4b1,bio
ynd_54b95bb56b4bc,bio
ynd_54b95bb56b4c5,bio
ynd_54b95bb56b4d0,environment
ynd_54b95bb56b4da,bio
ynd_54b95bb56b4e4,internet
ynd_54b95bb56b4ee,bio
ynd_54b95bb56b4f9,environment
ynd_54b95bb56b502,environment
ynd_54b95bb56b50d,internet
ynd_54b95bb56b516,internet
ynd_54b95bb56b521,environment
ynd_54b95bb56b52a,environment
ynd_54b95bb56b535,bio
ynd_54b95bb56b53e,environment
ynd_54b95bb56b549,environment
ynd_54b95bb56b552,bio
ynd_54b95bb56b55d,environment
ynd_54b95bb56b567,environment
ynd_54b95bb56b571,bio
ynd_54b95bb56b57b,internet
ynd_54b95bb56b585,internet
ynd_54b95bb56b58f,internet
ynd_54b95bb56b59a,environment
ynd_54b95bb56b5a3,internet
ynd_54b95bb56b5ae,bio
ynd_54b95bb56b5b7,bio
ynd_54b95bb56b5c2,bio
ynd_54b95bb56b5d7,environment
ynd_54b95bb56b5e5,bio
ynd_54b95bb56b5ee,environment
ynd_54b95bb56b5fa,internet
ynd_54b95bb56b603,internet
ynd_54b95bb56b60e,environment
ynd_54b95bb56b617,environment
ynd_54b95bb56b622,environment
ynd_54b95bb56b62c,bio
ynd_54b95bb56b636,internet
ynd_54b95bb56b640,environment
ynd_54b95bb56b64b,environment
ynd_54b95bb56b654,environment
ynd_54b95bb56b65e,internet
ynd_54b95bb56b680,bio
ynd_54b95bb56b697,bio
ynd_54b95bb56b6aa,environment
ynd_54b95bb56b6b2,environment
ynd_54b95bb56b6bd,environment
ynd_54b95bb56b6c7,internet
ynd_54b95bb56b6d1,environment
ynd_54b95bb56b6db,internet
ynd_54b95bb56b6e6,internet
ynd_54b95bb56b6ef,internet
ynd_54b95bb56b6fa,bio
ynd_54b95bb56b703,environment
ynd_54b95bb56b70e,environment
ynd_54b95bb56b717,environment
ynd_54b95bb56b722,internet
ynd_54b95bb56b72c,internet
ynd_54b95bb56b736,bio
ynd_54b95bb56b740,bio
ynd_54b95bb56b74b,bio
ynd_54b95bb56b754,bio
ynd_54b95bb56b75f,bio
ynd_54b95bb56b768,environment
ynd_54b95bb56b773,internet
ynd_54b95bb56b77c,internet
ynd_54b95bb56b787,bio
ynd_54b95bb56b790,internet
ynd_54b95bb56b79b,bio
ynd_54b95bb56b7a5,internet
ynd_54b95bb56b7af,bio
ynd_54b95bb56b7b9,bio
ynd_54b95bb56b7c3,bio
ynd_54b95bb56b7cd,bio
ynd_54b95bb56b7d8,bio
ynd_54b95bb56b7e1,bio
ynd_54b95bb56b7ec,environment
ynd_54b95bb56b7f5,internet
ynd_54b95bb56b800,environment
ynd_54b95bb56b809,internet
ynd_54b95bb56b814,bio
ynd_54b95bb56b81d,internet
ynd_54b95bb56b828,internet
ynd_54b95bb56b831,internet
ynd_54b95bb56b83c,bio
ynd_54b95bb56b846,internet
ynd_54b95bb56b850,environment
ynd_54b95bb56b862,internet
ynd_54b95bb56b86d,bio
ynd_54b95bb56b879,environment
ynd_54b95bb56b89b,environment
ynd_54b95bb56b8b2,internet
ynd_54b95bb56b8c8,environment
ynd_54b95bb56b8d2,bio
ynd_54b95bb56b8dd,bio
ynd_54b95bb56b8e7,environment
ynd_54b95bb56b8f2,environment
ynd_54b95bb56b8fc,environment
ynd_54b95bb56b907,environment
ynd_54b95bb56b911,bio
ynd_54b95bb56b91c,internet
ynd_54b95bb56b926,environment
ynd_54b95bb56b931,environment
ynd_54b95bb56b93b,bio
ynd_54b95bb56b946,environment
ynd_54b95bb56b950,internet
ynd_54b95bb56b95b,internet
ynd_54b95bb56b965,internet
ynd_54b95bb56b970,bio
ynd_54b95bb56b97a,bio
ynd_54b95bb56b985,bio
ynd_54b95bb56b98f,environment
ynd_54b95bb56b999,internet
ynd_54b95bb56b9a3,internet
ynd_54b95bb56b9ae,bio
ynd_54b95bb56b9b8,internet
ynd_54b95bb56b9c3,bio
ynd_54b95bb56b9cd,environment
ynd_54b95bb56b9d8,internet
ynd_54b95bb56b9e2,bio
ynd_54b95bb56b9ed,environment
ynd_54b95bb56b9f7,bio
ynd_54b95bb56ba02,bio
ynd_54b95bb56ba0c,internet
ynd_54b95bb56ba17,environment
ynd_54b95bb56ba21,environment
ynd_54b95bb56ba2c,internet
ynd_54b95bb56ba36,environment
ynd_54b95bb56ba41,environment
ynd_54b95bb56ba4b,bio
ynd_54b95bb56ba56,bio
ynd_54b95bb56ba60,bio
ynd_54b95bb56ba6a,bio
ynd_54b95bb56ba75,environment
ynd_54b95bb56ba7f,bio
ynd_54b95bb56ba89,environment
ynd_54b95bb56ba93,bio
ynd_54b95bb56bab5,environment
ynd_54b95bb56bac8,environment
ynd_54b95bb56bae0,bio
ynd_54b95bb56baea,internet
ynd_54b95bb56baf4,environment
ynd_54b95bb56bafe,environment
ynd_54b95bb56bb09,environment
ynd_54b95bb56bb13,environment
ynd_54b95bb56bb1e,bio
ynd_54b95bb56bb28,bio
ynd_54b95bb56bb33,bio
ynd_54b95bb56bb3d,internet
ynd_54b95bb56bb48,bio
ynd_54b95bb56bb52,internet
ynd_54b95bb56bb5d,internet
ynd_54b95bb56bb67,bio
ynd_54b95bb56bb72,bio
ynd_54b95bb56bb7c,bio
ynd_54b95bb56bb87,bio
ynd_54b95bb56bb91,bio
ynd_54b95bb56bb9c,bio
ynd_54b95bb56bba6,internet
ynd_54b95bb56bbb0,internet
ynd_54b95bb56bbbb,environment
ynd_54b95bb56bbc5,bio
ynd_54b95bb56bbcf,environment
ynd_54b95bb56bbda,bio
ynd_54b95bb56bbe4,internet
ynd_54b95bb56bbef,bio
ynd_54b95bb56bbf9,bio
ynd_54b95bb56bc04,environment
ynd_54b95bb56bc0e,environment
ynd_54b95bb56bc19,environment
ynd_54b95bb56bc23,bio
ynd_54b95bb56bc2e,environment
ynd_54b95bb56bc38,environment
ynd_54b95bb56bc43,bio
ynd_54b95bb56bc4d,internet
ynd_54b95bb56bc58,environment
ynd_54b95bb56bc62,bio
ynd_54b95bb56bc6d,bio
ynd_54b95bb56bc77,bio
ynd_54b95bb56bc82,environment
ynd_54b95bb56bc8c,environment
ynd_54b95bb56bc96,internet
ynd_54b95bb56bca0,bio
ynd_54b95bb56bcab,internet
ynd_54b95bb56bcb7,environment
ynd_54b95bb56bcda,bio
ynd_54b95bb56bcf1,internet
ynd_54b95bb56bd07,bio
ynd_54b95bb56bd1d,environment
ynd_54b95bb56bd2c,environment
ynd_54b95bb56bd3f,internet
ynd_54b95bb56bd61,bio
ynd_54b95bb56bd76,internet
ynd_54b95bb56bd87,bio
ynd_54b95bb56bd9f,internet
ynd_54b95bb56bdbb,bio
ynd_54b95bb56bdce,bio
ynd_54b95bb56bde4,bio
ynd_54b95bb56bdf5,bio
ynd_54b95bb56be27,bio
ynd_54b95bb56be45,bio
ynd_54b95bb56be6a,internet
ynd_54b95bb56be75,environment
ynd_54b95bb56be80,internet
ynd_54b95bb56be8a,environment
ynd_54b95bb56be95,bio
ynd_54b95bb56be9f,bio
ynd_54b95bb56beaa,bio
ynd_54b95bb56beba,bio
ynd_54b95bb56bec8,environment
ynd_54b95bb56bed8,internet
ynd_54b95bb56beed,bio
ynd_54b95bb56beff,internet
ynd_54b95bb56bf10,environment
ynd_54b95bb56bf1f,environment
ynd_54b95bb56bf2d,bio
ynd_54b95bb56bf3c,internet
ynd_54b95bb56bf4a,bio
ynd_54b95bb56bf58,internet
ynd_54b95bb56bf66,environment
ynd_54b95bb56bf75,bio
ynd_54b95bb56bf84,internet
ynd_54b95bb56bf93,environment
ynd_54b95bb56bfa2,internet
ynd_54b95bb56bfb1,internet
ynd_54b95bb56bfc0,internet
ynd_54b95bb56bfce,internet
ynd_54b95bb56bfde,environment
ynd_54b95bb56bfed,environment
ynd_54b95bb56bffc,environment
ynd_54b95bb56c00c,environment
ynd_54b95bb56c01b,environment
ynd_54b95bb56c02b,internet
ynd_54b95bb56c046,environment
ynd_54b95bb56c06f,environment
ynd_54b95bb56c08b,internet
ynd_54b95bb56c09a,bio
ynd_54b95bb56c0aa,bio
ynd_54b95bb56c0b9,environment
ynd_54b95bb56c0c8,environment
ynd_54b95bb56c0d6,bio
ynd_54b95bb56c0e5,internet
ynd_54b95bb56c0f3,internet
ynd_54b95bb56c102,internet
ynd_54b95bb56c11b,bio
ynd_54b95bb56c12b,bio
ynd_54b95bb56c13a,bio
ynd_54b95bb56c148,bio
ynd_54b95bb56c155,environment
ynd_54b95bb56c163,internet
ynd_54b95bb56c172,environment
ynd_54b95bb56c180,environment
ynd_54b95bb56c18e,internet
ynd_54b95bb56c19d,bio
ynd_54b95bb56c1ac,internet
ynd_54b95bb56c1bb,environment
ynd_54b95bb56c1ca,environment
ynd_54b95bb56c1d9,environment
ynd_54b95bb56c1e8,environment
ynd_54b95bb56c1f7,environment
ynd_54b95bb56c206,environment
ynd_54b95bb56c215,bio
ynd_54b95bb56c223,bio
ynd_54b95bb56c232,internet
ynd_54b95bb56c241,environment
ynd_54b95bb56c251,environment
ynd_54b95bb56c26c,internet
ynd_54b95bb56c295,internet
ynd_54b95bb56c2b1,internet
ynd_54b95bb56c2c0,bio
ynd_54b95bb56c2ce,internet
ynd_54b95bb56c2dd,bio
ynd_54b95bb56c2ec,bio
ynd_54b95bb56c2f9,environment
ynd_54b95bb56c306,environment
ynd_54b95bb56c314,internet
ynd_54b95bb56c321,bio
ynd_54b95bb56c32e,internet
ynd_54b95bb56c33b,environment
ynd_54b95bb56c348,bio
ynd_54b95bb56c356,environment
ynd_54b95bb56c363,internet
ynd_54b95bb56c370,bio
ynd_54b95bb56c37d,environment
ynd_54b95bb56c38b,environment
ynd_54b95bb56c398,bio
ynd_54b95bb56c3a5,bio
ynd_54b95bb56c3b2,bio
ynd_54b95bb56c3c0,bio
ynd_54b95bb56c3cd,environment
ynd_54b95bb56c3d9,internet
ynd_54b95bb56c3e7,internet
ynd_54b95bb56c3f4,bio
ynd_54b95bb56c402,internet
ynd_54b95bb56c410,bio
ynd_54b95bb56c41d,internet
ynd_54b95bb56c42b,environment
ynd_54b95bb56c435,bio
ynd_54b95bb56c43d,bio
ynd_54b95bb56c448,bio
ynd_54b95bb56c452,bio
ynd_54b95bb56c45d,environment
ynd_54b95bb56c466,environment
ynd_54b95bb56c471,environment
ynd_54b95bb56c47a,bio
ynd_54b95bb56c484,internet
ynd_54b95bb56c4a6,bio
ynd_54b95bb56c4cb,bio
ynd_54b95bb56c4d7,internet
ynd_54b95bb56c4e0,bio
ynd_54b95bb56c4eb,internet
ynd_54b95bb56c4f5,internet
ynd_54b95bb56c4ff,bio
ynd_54b95bb56c509,bio
ynd_54b95bb56c514,bio
ynd_54b95bb56c51d,environment
ynd_54b95bb56c528,internet
ynd_54b95bb56c531,bio
ynd_54b95bb56c53c,bio
ynd_54b95bb56c546,internet
ynd_54b95bb56c550,environment
ynd_54b95bb56c55a,environment
ynd_54b95bb56c565,internet
ynd_54b95bb56c56e,environment
ynd_54b95bb56c579,bio
ynd_54b95bb56c582,bio
ynd_54b95bb56c58d,internet
ynd_54b95bb56c596,bio
ynd_54b95bb56c5a1,environment
ynd_54b95bb56c5ab,internet
ynd_54b95bb56c5b5,environment
ynd_54b95bb56c5bf,internet
ynd_54b95bb56c5ca,internet
ynd_54b95bb56c5d3,bio
ynd_54b95bb56c5de,environment
ynd_54b95bb56c5e7,environment
ynd_54b95bb56c5f2,bio
ynd_54b95bb56c5fc,environment
ynd_54b95bb56c606,bio
ynd_54b95bb56c610,environment
ynd_54b95bb56c618,bio
ynd_54b95bb56c623,environment
ynd_54b95bb56c62c,bio
ynd_54b95bb56c637,environment
ynd_54b95bb56c640,environment
ynd_54b95bb56c64b,bio
ynd_54b95bb56c655,bio
ynd_54b95bb56c65f,bio
ynd_54b95bb56c669,internet
ynd_54b95bb56c674,environment
ynd_54b95bb56c67d,bio
ynd_54b95bb56c688,internet
ynd_54b95bb56c691,bio
ynd_54b95bb56c69c,internet
ynd_54b95bb56c6a7,internet
ynd_54b95bb56c6c9,internet
ynd_54b95bb56c6ee,internet
ynd_54b95bb56c6fa,internet
ynd_54b95bb56c703,bio
ynd_54b95bb56c70e,environment
ynd_54b95bb56c717,bio
ynd_54b95bb56c722,environment
ynd_54b95bb56c72c,environment
ynd_54b95bb56c737,bio
ynd_54b95bb56c741,internet
ynd_54b95bb56c74b,bio
ynd_54b95bb56c755,internet
ynd_54b95bb56c760,internet
ynd_54b95bb56c769,environment
ynd_54b95bb56c774,bio
ynd_54b95bb56c77d,bio
ynd_54b95bb56c788,environment
ynd_54b95bb56c792,environment
ynd_54b95bb56c79c,bio
ynd_54b95bb56c7a6,internet
ynd_54b95bb56c7b0,bio
ynd_54b95bb56c7ba,internet
ynd_54b95bb56c7c5,bio
ynd_54b95bb56c7ce,environment
ynd_54b95bb56c7d9,internet
ynd_54b95bb56c7e2,internet
ynd_54b95bb56c7ed,internet
ynd_54b95bb56c7f7,environment
ynd_54b95bb56c801,bio
ynd_54b95bb56c80b,internet
ynd_54b95bb56c816,bio
ynd_54b95bb56c81f,bio
ynd_54b95bb56c82a,internet
ynd_54b95bb56c833,bio
ynd_54b95bb56c83e,environment
ynd_54b95bb56c848,environment
ynd_54b95bb56c852,environment
ynd_54b95bb56c85c,environment
ynd_54b95bb56c867,bio
ynd_54b95bb56c870,environment
ynd_54b95bb56c87b,bio
ynd_54b95bb56c884,internet
ynd_54b95bb56c88f,internet
ynd_54b95bb56c899,internet
ynd_54b95bb56c8a3,bio
ynd_54b95bb56c8ad,environment
ynd_54b95bb56c8b7,internet
ynd_54b95bb56c8c9,internet
ynd_54b95bb56c8ec,bio
ynd_54b95bb56c90f,bio
ynd_54b95bb56c91a,internet
ynd_54b95bb56c923,internet
ynd_54b95bb56c92c,environment
ynd_54b95bb56c936,environment
ynd_54b95bb56c940,bio
ynd_54b95bb56c94b,internet
ynd_54b95bb56c954,bio
ynd_54b95bb56c95f,bio
ynd_54b95bb56c968,internet
ynd_54b95bb56c973,internet
ynd_54b95bb56c97c,bio
ynd_54b95bb56c987,internet
ynd_54b95bb56c991,internet
ynd_54b95bb56c99b,internet
ynd_54b95bb56c9a5,internet
ynd_54b95bb56c9b0,environment
ynd_54b95bb56c9b9,bio
ynd_54b95bb56c9c4,bio
ynd_54b95bb56c9cd,internet
ynd_54b95bb56c9d8,environment
ynd_54b95bb56c9e2,bio
ynd_54b95bb56c9ec,internet
ynd_54b95bb56c9f6,environment
ynd_54b95bb56ca01,environment
ynd_54b95bb56ca0a,environment
ynd_54b95bb56ca15,environment
ynd_54b95bb56ca1e,internet
ynd_54b95bb56ca29,environment
ynd_54b95bb56ca32,internet
ynd_54b95bb56ca3d,bio
ynd_54b95bb56ca47,internet
ynd_54b95bb56ca51,environment
ynd_54b95bb56ca5b,internet
ynd_54b95bb56ca66,bio
ynd_54b95bb56ca6f,bio
ynd_54b95bb56ca7a,environment
ynd_54b95bb56ca83,internet
ynd_54b95bb56ca8e,environment
ynd_54b95bb56ca98,bio
ynd_54b95bb56caa2,internet
ynd_54b95bb56caae,bio
ynd_54b95bb56cab8,internet
ynd_54b95bb56cac3,bio
ynd_54b95bb56cace,internet
ynd_54b95bb56cad7,environment
ynd_54b95bb56cae1,bio
ynd_54b95bb56caec,environment
ynd_54b95bb56cb09,environment
ynd_54b95bb56cb1c,bio
ynd_54b95bb56cb33,internet
ynd_54b95bb56cb41,environment
ynd_54b95bb56cb50,internet
ynd_54b95bb56cb5f,internet
ynd_54b95bb56cb6e,bio
ynd_54b95bb56cb79,bio
ynd_54b95bb56cb84,environment
ynd_54b95bb56cb8e,environment
ynd_54b95bb56cb99,bio
ynd_54b95bb56cba5,internet
ynd_54b95bb56cbb1,environment
ynd_54b95bb56cbba,internet
ynd_54b95bb56cbc5,environment
ynd_54b95bb56cbce,internet
ynd_54b95bb56cbd9,environment
ynd_54b95bb56cbe3,environment
ynd_54b95bb56cbee,environment
ynd_54b95bb56cbf7,bio
ynd_54b95bb56cc02,bio
ynd_54b95bb56cc0b,internet
ynd_54b95bb56cc16,environment
ynd_54b95bb56cc20,environment
ynd_54b95bb56cc2a,bio
ynd_54b95bb56cc34,internet
ynd_54b95bb56cc3f,environment
ynd_54b95bb56cc48,environment
ynd_54b95bb56cc53,internet
ynd_54b95bb56cc5d,bio
ynd_54b95bb56cc67,internet
ynd_54b95bb56cc71,bio
ynd_54b95bb56cc7c,environment
ynd_54b95bb56cc85,bio
ynd_54b95bb56cc90,internet
ynd_54b95bb56cc99,environment
ynd_54b95bb56cca4,environment
ynd_54b95bb56ccae,internet
ynd_54b95bb56ccb9,bio
ynd_54b95bb56ccc2,internet
ynd_54b95bb56cccd,internet
ynd_54b95bb56ccd6,internet
ynd_54b95bb56cce1,internet
ynd_54b95bb56cceb,bio
ynd_54b95bb56ccf5,internet
ynd_54b95bb56cd00,environment
ynd_54b95bb56cd22,internet
ynd_54b95bb56cd47,bio
ynd_54b95bb56cd53,internet
ynd_54b95bb56cd5d,environment
ynd_54b95bb56cd67,bio
ynd_54b95bb56cd74,internet
ynd_54b95bb56cd7d,bio
ynd_54b95bb56cd88,bio
ynd_54b95bb56cd91,environment
ynd_54b95bb56cd9c,internet
ynd_54b95bb56cda6,internet
ynd_54b95bb56cdb0,internet
ynd_54b95bb56cdba,internet
ynd_54b95bb56cdc5,internet
ynd_54b95bb56cdce,bio
ynd_54b95bb56cdd9,internet
ynd_54b95bb56cde2,bio
ynd_54b95bb56cded,internet
ynd_54b95bb56cdf7,environment
ynd_54b95bb56ce01,bio
ynd_54b95bb56ce0b,environment
ynd_54b95bb56ce16,internet
ynd_54b95bb56ce1f,environment
ynd_54b95bb56ce2a,bio
ynd_54b95bb56ce34,environment
ynd_54b95bb56ce3e,environment
ynd_54b95bb56ce48,environment
ynd_54b95bb56ce53,bio
ynd_54b95bb56ce5c,internet
ynd_54b95bb56ce67,internet
ynd_54b95bb56ce71,internet
ynd_54b95bb56ce7b,bio
ynd_54b95bb56ce88,environment
ynd_54b95bb56ce91,bio
ynd_54b95bb56ce9c,bio
ynd_54b95bb56cea8,internet
ynd_54b95bb56ceb4,bio
ynd_54b95bb56cec0,bio
ynd_54b95bb56cecc,environment
ynd_54b95bb56ced6,environment
ynd_54b95bb56cee1,internet
ynd_54b95bb56ceed,environment
ynd_54b95bb56cef9,bio
ynd_54b95bb56cf02,bio
ynd_54b95bb56cf0d,internet
ynd_54b95bb56cf17,environment
ynd_54b95bb56cf20,bio
ynd_54b95bb56cf42,environment
ynd_54b95bb56cf59,internet
ynd_54b95bb56cf6f,bio
ynd_54b95bb56cf78,environment
ynd_54b95bb56cf83,internet
ynd_54b95bb56cf8d,bio
ynd_54b95bb56cf97,bio
ynd_54b95bb56cfa4,environment
ynd_54b95bb56cfb0,environment
ynd_54b95bb56cfb9,bio
ynd_54b95bb56cfc4,internet
ynd_54b95bb56cfcd,environment
ynd_54b95bb56cfdb,bio
ynd_54b95bb56cfe7,internet
ynd_54b95bb56cff0,bio
ynd_54b95bb56cffb,environment
ynd_54b95bb56d005,bio
ynd_54b95bb56d00f,internet
ynd_54b95bb56d019,environment
ynd_54b95bb56d024,environment
ynd_54b95bb56d02d,bio
ynd_54b95bb56d038,environment
ynd_54b95bb56d044,environment
ynd_54b95bb56d050,internet
ynd_54b95bb56d05a,internet
ynd_54b95bb56d064,environment
ynd_54b95bb56d06e,environment
ynd_54b95bb56d078,bio
ynd_54b95bb56d082,environment
ynd_54b95bb56d08d,environment
ynd_54b95bb56d096,environment
ynd_54b95bb56d0a1,internet
ynd_54b95bb56d0aa,environment
ynd_54b95bb56d0b5,environment
ynd_54b95bb56d0be,bio
ynd_54b95bb56d0c9,environment
ynd_54b95bb56d0d5,internet
ynd_54b95bb56d0df,internet
ynd_54b95bb56d0e9,internet
ynd_54b95bb56d0f3,environment
ynd_54b95bb56d0fe,bio
ynd_54b95bb56d10a,environment
ynd_54b95bb56d116,environment
ynd_54b95bb56d11f,internet
ynd_54b95bb56d12a,internet
ynd_54b95bb56d133,internet
ynd_54b95bb56d13d,internet
ynd_54b95bb56d15f,internet
ynd_54b95bb56d177,environment
ynd_54b95bb56d18d,bio
ynd_54b95bb56d196,environment
ynd_54b95bb56d1a1,internet
ynd_54b95bb56d1ab,bio
ynd_54b95bb56d1b3,environment
ynd_54b95bb56d1be,internet
ynd_54b95bb56d1c7,bio
ynd_54b95bb56d1d2,internet
ynd_54b95bb56d1db,internet
ynd_54b95bb56d1e6,internet
ynd_54b95bb56d1ef,internet
ynd_54b95bb56d1fa,bio
ynd_54b95bb56d204,environment
ynd_54b95bb56d20e,environment
ynd_54b95bb56d218,environment
ynd_54b95bb56d223,internet
ynd_54b95bb56d22c,environment
ynd_54b95bb56d237,bio
ynd_54b95bb56d240,environment
ynd_54b95bb56d24b,internet
ynd_54b95bb56d254,bio
ynd_54b95bb56d25f,internet
ynd_54b95bb56d269,environment
ynd_54b95bb56d273,environment
ynd_54b95bb56d27d,environment
ynd_54b95bb56d288,bio
ynd_54b95bb56d291,bio
ynd_54b95bb56d29c,environment
ynd_54b95bb56d2a8,bio
ynd_54b95bb56d2b1,internet
ynd_54b95bb56d2bc,environment
ynd_54b95bb56d2c6,internet
ynd_54b95bb56d2d0,internet
ynd_54b95bb56d2dc,environment
ynd_54b95bb56d2e9,bio
ynd_54b95bb56d2f5,environment
ynd_54b95bb56d2fe,internet
ynd_54b95bb56d309,environment
ynd_54b95bb56d312,internet
ynd_54b95bb56d31d,bio
ynd_54b95bb56d326,bio
ynd_54b95bb56d331,bio
ynd_54b95bb56d33d,environment
ynd_54b95bb56d346,internet
ynd_54b95bb56d351,internet
ynd_54b95bb56d35c,internet
ynd_54b95bb56d37e,internet
ynd_54b95bb56d3a3,environment
ynd_54b95bb56d3af,environment
ynd_54b95bb56d3bc,bio
ynd_54b95bb56d3c9,internet
ynd_54b95bb56d3d8,environment
ynd_54b95bb56d3ec,environment
ynd_54b95bb56d40a,environment
ynd_54b95bb56d41f,environment
ynd_54b95bb56d42a,internet
ynd_54b95bb56d435,environment
ynd_54b95bb56d43f,internet
ynd_54b95bb56d44a,bio
ynd_54b95bb56d453,bio
ynd_54b95bb56d45e,bio
ynd_54b95bb56d468,bio
ynd_54b95bb56d473,environment
ynd_54b95bb56d47c,bio
ynd_54b95bb56d487,internet
ynd_54b95bb56d490,internet
ynd_54b95bb56d49b,bio
ynd_54b95bb56d4a5,internet
ynd_54b95bb56d4b0,internet
ynd_54b95bb56d4b9,environment
ynd_54b95bb56d4c4,environment
ynd_54b95bb56d4ce,environment
ynd_54b95bb56d4d8,bio
ynd_54b95bb56d4e2,bio
ynd_54b95bb56d4ed,bio
ynd_54b95bb56d4f6,bio
ynd_54b95bb56d501,internet
ynd_54b95bb56d50b,environment
ynd_54b95bb56d516,internet
ynd_54b95bb56d51f,bio
ynd_54b95bb56d52a,environment
ynd_54b95bb56d534,internet
ynd_54b95bb56d53f,environment
ynd_54b95bb56d548,environment
ynd_54b95bb56d553,bio
ynd_54b95bb56d55c,internet
ynd_54b95bb56d567,bio
ynd_54b95bb56d571,environment
ynd_54b95bb56d57a,internet
ynd_54b95bb56d59c,internet
ynd_54b95bb56d5c1,bio
ynd_54b95bb56d5cc,bio
ynd_54b95bb56d5d7,environment
ynd_54b95bb56d5e0,bio
ynd_54b95bb56d5eb,internet
ynd_54b95bb56d5f5,internet
ynd_54b95bb56d600,environment
ynd_54b95bb56d609,bio
ynd_54b95bb56d614,bio
ynd_54b95bb56d61d,bio
ynd_54b95bb56d628,internet
ynd_54b95bb56d632,environment
ynd_54b95bb56d63d,environment
ynd_54b95bb56d646,bio
ynd_54b95bb56d651,internet
ynd_54b95bb56d65a,bio
ynd_54b95bb56d665,bio
ynd_54b95bb56d66f,internet
ynd_54b95bb56d67a,bio
ynd_54b95bb56d683,environment
ynd_54b95bb56d68e,environment
ynd_54b95bb56d698,internet
ynd_54b95bb56d6a2,bio
ynd_54b95bb56d6ac,bio
ynd_54b95bb56d6b7,internet
ynd_54b95bb56d6c0,environment
ynd_54b95bb56d6cb,bio
ynd_54b95bb56d6dc,environment
ynd_54b95bb56d6e7,environment
ynd_54b95bb56d6f1,environment
ynd_54b95bb56d6fc,bio
ynd_54b95bb56d706,bio
ynd_54b95bb56d711,bio
ynd_54b95bb56d71a,bio
ynd_54b95bb56d725,environment
ynd_54b95bb56d72e,internet
ynd_54b95bb56d739,environment
ynd_54b95bb56d742,bio
ynd_54b95bb56d74d,bio
ynd_54b95bb56d757,environment
ynd_54b95bb56d762,environment
ynd_54b95bb56d76b,bio
ynd_54b95bb56d776,internet
ynd_54b95bb56d77f,bio
ynd_54b95bb56d78a,bio
ynd_54b95bb56d795,internet
ynd_54b95bb56d7b7,bio
ynd_54b95bb56d7dc,bio
ynd_54b95bb56d7e8,environment
ynd_54b95bb56d7f1,internet
ynd_54b95bb56d7fc,bio
ynd_54b95bb56d806,environment
ynd_54b95bb56d811,environment
ynd_54b95bb56d81a,environment
ynd_54b95bb56d825,environment
ynd_54b95bb56d82e,internet
ynd_54b95bb56d839,environment
ynd_54b95bb56d843,internet
ynd_54b95bb56d84d,environment
ynd_54b95bb56d857,internet
ynd_54b95bb56d862,environment
ynd_54b95bb56d86b,bio
ynd_54b95bb56d876,environment
ynd_54b95bb56d880,environment
ynd_54b95bb56d88a,internet
ynd_54b95bb56d894,environment
ynd_54b95bb56d89f,environment
ynd_54b95bb56d8a8,internet
ynd_54b95bb56d8b3,environment
ynd_54b95bb56d8bc,internet
ynd_54b95bb56d8c7,internet
ynd_54b95bb56d8d1,bio
ynd_54b95bb56d8dc,environment
ynd_54b95bb56d8e5,environment
ynd_54b95bb56d8f0,bio
ynd_54b95bb56d8f9,bio
ynd_54b95bb56d904,environment
ynd_54b95bb56d90e,internet
ynd_54b95bb56d919,bio
ynd_54b95bb56d922,environment
ynd_54b95bb56d92d,bio
ynd_54b95bb56d939,bio
ynd_54b95bb56d943,internet
ynd_54b95bb56d94d,environment
ynd_54b95bb56d957,environment
ynd_54b95bb56d962,internet
ynd_54b95bb56d96b,bio
ynd_54b95bb56d976,internet
ynd_54b95bb56d980,internet
ynd_54b95bb56d98a,bio
ynd_54b95bb56d994,bio
ynd_54b95bb56d99f,environment
ynd_54b95bb56d9a8,bio
ynd_54b95bb56d9b2,environment
ynd_54b95bb56d9d4,environment
ynd_54b95bb56d9f9,internet
ynd_54b95bb56da04,bio
ynd_54b95bb56da0e,bio
ynd_54b95bb56da19,bio
ynd_54b95bb56da25,internet
ynd_54b95bb56da2e,bio
ynd_54b95bb56da39,bio
ynd_54b95bb56da43,bio
ynd_54b95bb56da4e,environment
ynd_54b95bb56da57,environment
ynd_54b95bb56da62,environment
ynd_54b95bb56da6b,internet
ynd_54b95bb56da76,internet
ynd_54b95bb56da80,environment
ynd_54b95bb56da8b,environment
ynd_54b95bb56da94,bio
ynd_54b95bb56da9f,internet
ynd_54b95bb56daa8,internet
ynd_54b95bb56dab3,bio
ynd_54b95bb56dabd,environment
ynd_54b95bb56dac7,internet
ynd_54b95bb56dad1,environment
ynd_54b95bb56dadc,environment
ynd_54b95bb56dae5,bio
ynd_54b95bb56daf0,internet
ynd_54b95bb56dafa,environment
ynd_54b95bb56db04,environment
ynd_54b95bb56db0e,internet
ynd_54b95bb56db19,bio
ynd_54b95bb56db22,bio
ynd_54b95bb56db2d,environment
ynd_54b95bb56db37,environment
ynd_54b95bb56db41,bio
ynd_54b95bb56db4b,environment
ynd_54b95bb56db56,internet
ynd_54b95bb56db5f,bio
ynd_54b95bb56db6a,bio
ynd_54b95bb56db73,bio
ynd_54b95bb56db7e,bio
ynd_54b95bb56db8a,bio
ynd_54b95bb56db96,bio
ynd_54b95bb56dba2,internet
ynd_54b95bb56dbac,environment
ynd_54b95bb56dbb7,internet
ynd_54b95bb56dbc0,bio
ynd_54b95bb56dbcb,bio
ynd_54b95bb56dbd6,environment
ynd_54b95bb56dbf8,internet